,loss,val_loss
0,0.26596025,0.26360562
1,0.26173332,0.26282796
2,0.26071504,0.26344573
