,loss,val_loss
0,0.26742998,0.26291162
1,0.2623414,0.26314944
2,0.26147953,0.2633329
