,loss,val_loss
0,0.26721707,0.2638159
1,0.26114497,0.2619671
2,0.26028764,0.26049966
