,loss,val_loss
0,0.26627213,0.26575813
1,0.26055092,0.264976
2,0.25989142,0.2647141
